model,variant,seed,epochs,sec,adapt_test_mae,adapt_test_median,adapt_test_post_le15,adapt_test_post_ge21,benchmark_mae,benchmark_median,benchmark_post_le15,benchmark_post_ge21
MLP,-raw,0,60,22.564453601837158,17.340197216215454,14.397302406856655,20.792025424555877,16.6620869891687,15.871252513265675,13.933708190917969,21.44113300850381,14.57761901727066
MLP,-raw,1,60,17.126566410064697,17.352525797341173,14.458799320921035,20.878040579506443,16.656286219864665,16.156765484003746,14.361194193363191,21.40269799549858,14.927428122435572
MLP,-raw,2,60,16.104490280151367,17.344807672250294,14.267508474241977,20.761897637814428,16.679629562348808,16.095243190847786,13.923125982284546,21.48507132390877,14.846236437014495
MLP,+Z,0,60,18.740031480789185,16.71970645158292,13.361629237669847,20.617673883837718,15.922344065811046,14.794924975052231,12.476314902305603,20.94005751067942,13.347497898758503
MLP,+Z,1,60,20.88585376739502,16.678864301927117,13.257587268856707,20.592130360352048,15.882832038212886,14.697322226059242,12.513122498989105,20.673031211608933,13.321843170588128
MLP,+Z,2,60,19.5508074760437,16.648213833932903,13.20618727363504,20.44303183143692,15.888184586484446,14.692624891716275,12.19555616378784,20.444445225540523,13.381880860928206
GRU,-raw,0,60,85.58674478530884,14.316445609338023,9.447206470972924,17.859774577236266,13.55590660495901,11.257581462267318,8.361064195632933,17.090850570200153,9.811866619390004
GRU,-raw,1,60,70.77969241142273,14.399050789980805,9.666309256896799,17.815235861183176,13.682029067296751,12.068386981387933,8.741808354854584,18.753425296616417,10.476615125917943
GRU,-raw,2,57,66.14995312690735,14.666210734613092,10.44394753323854,18.429885537877226,13.8390555985005,12.586645298186546,9.476910948753357,18.547413989406987,11.04129980652653
GRU,+Z,0,60,70.00120449066162,14.1900161769627,9.003610886990243,18.64062617195589,13.209094630679834,11.654649524757119,8.551334381103516,19.561944590029434,9.752968945480578
GRU,+Z,1,60,69.7714684009552,14.124339798436246,9.5174759085217,17.675524844326425,13.377807863092047,12.11748465265814,8.971721529960632,17.81337744651247,10.79287891946624
GRU,+Z,2,57,67.03308725357056,14.308937242855652,9.639609115797088,18.31453619142751,13.398779424691055,12.077652410666149,8.56149697303772,18.574281115208525,10.496863219756307
