ablation,direction,mae,median,post_le15,post_ge21,sec
A1_raw_window,TG_to_DL,14.514099677349176,10.976065087543468,17.901052168072653,13.690992956193863,256.9814946651459
A1_raw_window,DL_to_TG,19.52373339791381,16.231162999605843,23.1532599606098,18.662319989149424,209.5721685886383
A1_raw_window+Z,TG_to_DL,14.062440721877474,10.035131542543738,17.992011602143815,13.09427452672048,226.7962794303894
A1_raw_window+Z,DL_to_TG,19.266789152769714,16.178217380605837,23.289660473984927,18.259572663307782,200.0398826599121
A2_phasor_only,TG_to_DL,9.04133948216096,4.80490264932123,20.47600135877071,6.228103265422928,15.732960224151611
A2_phasor_only,DL_to_TG,12.348781840777791,7.424004949035423,20.10481818508245,10.465247255914422,9.584444046020508
A2_td_only,TG_to_DL,11.364194238288452,6.458674150820983,17.107930623796406,9.880605453556253,10.725277185440063
A2_td_only,DL_to_TG,11.836312932063306,6.9138586446053365,16.747852990303073,10.678655597145182,10.315625190734863
A2_both_HA2,TG_to_DL,7.6892842313456855,3.923649332730121,13.818597342689332,6.159302336091151,19.835800886154175
A2_both_HA2,DL_to_TG,10.515487764929977,6.297384996320366,15.352885825683238,9.401943197544522,19.075098037719727
A3_unnormalised,TG_to_DL,9.794589757478542,4.719888848220027,14.793854288795727,8.559799705039133,21.49891948699951
A3_unnormalised,DL_to_TG,10.192399118268543,5.811590075362256,16.158275014274462,8.780067341355986,18.45985746383667
