method,test,n,episodes,mae,median,post_le15,post_ge21,mae_shc_only,single_seed_mean,single_seed_sd
phys_react_oracle,adapt_test,6883,411,32.197480354441986,23.490539238696606,46.66307463736342,28.53602023853981,25.777354746424006,,
phys_tak2_oracle,adapt_test,6883,411,34.99928965665554,26.650888163853846,47.01402717705394,32.037744893131034,29.724971818206875,,
phys_react_minloop,adapt_test,6883,411,34.980513953774896,27.270207165435234,46.960531676293904,32.09178867939727,29.736586279645085,,
phys_react_oracle,benchmark,14640,924,19.95044182584462,3.828613300547917,41.905452770908106,14.637932487598873,19.449615856275365,,
phys_tak2_oracle,benchmark,14640,924,24.00906700992907,10.03205826085279,41.60043444219411,19.836476000003326,23.57588479342789,,
phys_react_minloop,benchmark,14640,924,23.323827541369113,7.194153756253913,41.43047881112258,18.947692710837117,22.879224667058597,,
H-A,adapt_test,6883,411,12.677194428867955,8.251127830635884,21.575422786466405,10.428282018060314,9.21278081001789,12.737946611729948,0.015289588589874843
H-A,benchmark,14640,924,10.794267360155292,7.596147485366881,23.068257840511333,7.808054558148436,10.889242262750367,10.843760682784783,0.05434127382886257
H-A2,adapt_test,6883,411,11.977482183810624,7.703904366352033,18.651167226769992,10.341518239821006,8.101392386682772,12.055099492161714,0.005624966662205069
H-A2,benchmark,14640,924,9.30497593630648,6.708812422867933,17.60906854522589,7.273152111749076,9.37652224168573,9.371721546228628,0.09212503107397171
