grid,method,rho_bin,n,mae
DL,two-ended,"(0.0, 0.3]",3600,0.08172083920247657
DL,two-ended,"(0.3, 1.0]",900,0.09269008553378992
DL,two-ended,"(1.0, 3.0]",2700,0.19140134231500744
DL,two-ended,"(3.0, 10.0]",3600,0.6153586441194147
DL,R,"(0.0, 0.3]",3600,1.1278420068231194
DL,R,"(0.3, 1.0]",900,12.233850139834093
DL,R,"(1.0, 3.0]",2700,6.95241574748177
DL,R,"(3.0, 10.0]",3600,33.0986984099076
DL,T,"(0.0, 0.3]",3600,1.5403815011555924
DL,T,"(0.3, 1.0]",900,12.491659842076649
DL,T,"(1.0, 3.0]",2700,7.981553385410946
DL,T,"(3.0, 10.0]",3600,19.356280626562135
DL,E,"(0.0, 0.3]",3600,2.011808149883967
DL,E,"(0.3, 1.0]",900,9.629547721797692
DL,E,"(1.0, 3.0]",2700,4.643978236942797
DL,E,"(3.0, 10.0]",3600,8.66150801383856
DL,H-A2,"(0.0, 0.3]",3600,1.36050378505244
DL,H-A2,"(0.3, 1.0]",900,11.214065201532508
DL,H-A2,"(1.0, 3.0]",2700,7.4227430988163565
DL,H-A2,"(3.0, 10.0]",3600,8.939667819618496
TG,two-ended,"(0.0, 0.3]",8100,0.10403671644797946
TG,two-ended,"(0.3, 1.0]",1800,0.10269620038643738
TG,two-ended,"(1.0, 3.0]",6300,0.1708369634594426
TG,two-ended,"(3.0, 10.0]",8100,0.3916461495450574
TG,R,"(0.0, 0.3]",8100,1.0891799822604435
TG,R,"(0.3, 1.0]",1800,8.013454698767818
TG,R,"(1.0, 3.0]",6300,2.437408211951653
TG,R,"(3.0, 10.0]",8100,19.564388070935973
TG,T,"(0.0, 0.3]",8100,1.2572353533660503
TG,T,"(0.3, 1.0]",1800,8.5077403944491
TG,T,"(1.0, 3.0]",6300,3.8633549749298597
TG,T,"(3.0, 10.0]",8100,11.327390082831847
TG,E,"(0.0, 0.3]",8100,1.2306768366071545
TG,E,"(0.3, 1.0]",1800,7.36835274697854
TG,E,"(1.0, 3.0]",6300,1.5617287093453187
TG,E,"(3.0, 10.0]",8100,6.100452103438702
TG,H-A2,"(0.0, 0.3]",8100,4.438044254583007
TG,H-A2,"(0.3, 1.0]",1800,10.141438337654964
TG,H-A2,"(1.0, 3.0]",6300,8.405023723210313
TG,H-A2,"(3.0, 10.0]",8100,15.251366426641338
MV,two-ended,"(0.0, 0.3]",1800,1.1376517217177557
MV,two-ended,"(0.3, 1.0]",4500,1.4874826256780718
MV,two-ended,"(1.0, 3.0]",5400,1.8815983270165377
MV,two-ended,"(3.0, 10.0]",7200,1.4806625443866734
MV,two-ended,"(10.0, 30.0]",9000,2.9756308715698236
MV,two-ended,"(30.0, 1000000000.0]",9900,2.2004891831400246
MV,R,"(0.0, 0.3]",1800,4.215552871057875
MV,R,"(0.3, 1.0]",5400,4.840655124891996
MV,R,"(1.0, 3.0]",5400,16.459727093287523
MV,R,"(3.0, 10.0]",8100,23.29918018204832
MV,R,"(10.0, 30.0]",9900,38.90861008599203
MV,R,"(30.0, 1000000000.0]",9900,45.175558912451976
MV,T,"(0.0, 0.3]",1800,8.582995454876913
MV,T,"(0.3, 1.0]",5400,8.08832151516148
MV,T,"(1.0, 3.0]",5400,18.265008599036275
MV,T,"(3.0, 10.0]",8100,26.230248443213434
MV,T,"(10.0, 30.0]",9900,40.513200416164025
MV,T,"(30.0, 1000000000.0]",9900,47.25529534826192
MV,E,"(0.0, 0.3]",1800,4.564309632329798
MV,E,"(0.3, 1.0]",5400,9.609371004189315
MV,E,"(1.0, 3.0]",5400,15.67314208513032
MV,E,"(3.0, 10.0]",8100,23.11697095837968
MV,E,"(10.0, 30.0]",9900,28.59819588914369
MV,E,"(30.0, 1000000000.0]",9900,30.747239937406288
MV,H-A2,"(0.0, 0.3]",1800,6.313928830780973
MV,H-A2,"(0.3, 1.0]",5400,15.134873697771969
MV,H-A2,"(1.0, 3.0]",5400,28.582147235380855
MV,H-A2,"(3.0, 10.0]",8100,31.855080237420392
MV,H-A2,"(10.0, 30.0]",9900,39.751758525406906
MV,H-A2,"(30.0, 1000000000.0]",9900,40.039826476712705
