setting,method,n,n_nan,mae,median,mae_sc,post<=15,20-30,35-50,>=55
zero-shot TG->DL,R,14640,0,19.95044182584462,3.828613300547917,19.449615856275365,41.905452770908106,16.06362927522526,15.083262874287891,14.006746910206575
zero-shot TG->DL,T,14640,0,16.3724825965363,3.042092762318702,15.81202397314524,40.61784030754645,11.923589107347881,11.008658843086444,9.881536998362384
zero-shot TG->DL,T2,14640,0,20.504750732412337,5.710479714091593,20.013163244619204,41.174418898124856,16.843565358400504,15.919975584648478,14.911753444919908
zero-shot TG->DL,MT,14640,0,16.355130108646982,3.1987558490240264,15.799280576306778,40.04017521628148,12.019363644825624,11.11514973602752,10.008975859860218
zero-shot TG->DL,E,14640,2282,10.54566871910848,1.0,10.69054732133546,31.265958800170164,6.8312873072203635,5.418356961482457,5.325328983041191
zero-shot TG->DL,H-A2,14640,0,7.6892842313456855,3.923649332730121,7.746231583694155,13.818597342689332,6.477889062565592,5.84602013548878,6.4263648908829
zero-shot DL->TG,R,32940,0,14.451246836130926,1.9841039258557378,13.858767616733108,38.35725655400783,10.26595367918667,9.186525097566685,7.931355213691685
zero-shot DL->TG,T,32940,0,12.609122355564887,2.446658770992366,11.992420315579967,38.42055362828608,7.744617030604926,6.973128905967641,5.713891441216237
zero-shot DL->TG,T2,32940,0,15.341555788594194,3.653668448306867,14.768904442104905,38.655258393363944,10.938193911468693,10.28540011050366,9.094905212518778
zero-shot DL->TG,MT,32940,0,12.45147834163664,2.268960322877647,11.827786944440863,38.1450168046514,7.709072075619561,6.824280967326185,5.548067794483654
zero-shot DL->TG,E,32940,4132,8.834182606740745,1.0249855264983236,8.961796866259474,30.900790356267912,4.973601316431067,3.3972923086587787,3.209671717251868
zero-shot DL->TG,H-A2,32940,0,10.515487764929977,6.297384996320366,10.635450826925412,15.352885825683238,8.90731982604613,8.926542154344542,9.945361298059927
in-grid benchmark DL,R,14640,0,19.95044182584462,3.828613300547917,19.449615856275365,41.905452770908106,16.06362927522526,15.083262874287891,14.006746910206575
in-grid benchmark DL,T,14640,0,16.3724825965363,3.042092762318702,15.81202397314524,40.61784030754645,11.923589107347881,11.008658843086444,9.881536998362384
in-grid benchmark DL,T2,14640,0,20.504750732412337,5.710479714091593,20.013163244619204,41.174418898124856,16.843565358400504,15.919975584648478,14.911753444919908
in-grid benchmark DL,MT,14640,0,16.355130108646982,3.1987558490240264,15.799280576306778,40.04017521628148,12.019363644825624,11.11514973602752,10.008975859860218
in-grid benchmark DL,E,14640,2282,10.54566871910848,1.0,10.69054732133546,31.265958800170164,6.8312873072203635,5.418356961482457,5.325328983041191
in-grid benchmark DL,H-A2,14640,0,9.30497593630648,6.708812422867929,9.37652224168573,17.609068545225888,7.6090576832502155,7.077517611346871,7.437351242713534
in-grid adapt test,R,6883,0,32.197480354441986,23.490539238696606,25.777354746424006,45.36309312799017,28.70151277579053,27.2145871189313,29.66923966965273
in-grid adapt test,T,6883,0,26.790145024587616,16.028546622530598,20.499751104181605,45.50811849886563,20.27642171100462,18.732737563597286,24.56178346515199
in-grid adapt test,T2,6883,0,32.354141047689836,24.03397068969016,25.90648233089334,45.59177035390522,28.437460684272416,27.13312172627067,30.140397363190687
in-grid adapt test,MT,6883,5,26.8089919474707,16.911276347248673,20.369747720306247,43.865847098755324,21.00604132411969,19.223818084785844,24.870255138068703
in-grid adapt test,E,6883,2473,16.134151288016547,10.085285758300156,10.846605838972195,27.273371360416675,14.2146650043652,11.974498389001804,13.459596143446088
in-grid adapt test,H-A2,6883,0,11.977482183810624,7.703904366352033,8.101392386682772,17.869350684675,9.550991883372335,9.22129664269808,11.597980308530989
zero-shot DL+TG->MV,R,56340,0,32.97528072991495,19.999999999999996,32.237542894877926,48.355314882760275,30.857657154667113,29.29037799716699,28.692246004065918
zero-shot DL+TG->MV,T,56340,0,34.555759832150535,20.0,33.904669276660876,48.44543867753213,30.72438610010466,31.395511369429368,31.557535161932623
zero-shot DL+TG->MV,T2,56340,0,31.310694453283272,19.999999999999996,30.56238455958037,48.96863144611505,28.783606846442574,27.130172251848897,26.408170018593605
zero-shot DL+TG->MV,MT,56340,1596,28.825165666783445,19.999999999999996,28.34269517697005,48.26260233288524,24.79133956270541,24.26195844998908,24.044468215067837
zero-shot DL+TG->MV,E,56340,31466,23.746042601099962,29.871929884688143,24.67595042678693,30.393372807021194,22.37800304013497,21.71023601720261,22.43029151377731
zero-shot DL+TG->MV,H-A2,56340,0,32.60184057167462,24.786585796378375,33.02000342072443,36.73977542954655,31.725690106762148,31.721947312000353,31.530419292292986
