model,variant,direction,seed,mae_recorded,mae_rerun,delta,epochs
MLP,-raw,TG_to_DL,0,12.902498,12.902498245239258,2.452392582341645e-07,60
MLP,-raw,TG_to_DL,1,13.255711,13.255712509155273,1.50915527363793e-06,60
MLP,-raw,TG_to_DL,2,13.372654,13.37265396118164,-3.881836008190476e-08,60
MLP,+Z,TG_to_DL,0,11.688652,11.688652038574219,3.8574219374254426e-08,60
MLP,+Z,TG_to_DL,1,11.88564,11.885640144348145,1.4434814410435592e-07,60
MLP,+Z,TG_to_DL,2,12.013315,12.013314247131348,-7.52868652753591e-07,60
GRU,-raw,TG_to_DL,0,12.852228,12.852228164672852,1.6467285135490783e-07,60
GRU,-raw,TG_to_DL,1,10.868324,10.86832332611084,-6.738891595858831e-07,41
GRU,-raw,TG_to_DL,2,11.763949,11.763949394226074,3.9422607400751986e-07,57
GRU,+Z,TG_to_DL,0,11.355665,11.35566520690918,2.0690917956756039e-07,60
GRU,+Z,TG_to_DL,1,11.80676,11.806760787963867,7.87963866599739e-07,60
GRU,+Z,TG_to_DL,2,11.1119,11.111899375915527,-6.24084472988784e-07,60
MLP,-raw,DL_to_TG,0,17.844065,17.844066619873047,1.619873046365683e-06,60
MLP,-raw,DL_to_TG,1,17.729315,17.72931480407715,-1.9592285127600917e-07,60
MLP,-raw,DL_to_TG,2,17.90242,17.902420043945312,4.394531316620487e-08,60
MLP,+Z,DL_to_TG,0,16.138811,16.138811111450195,1.1145019485070407e-07,60
MLP,+Z,DL_to_TG,1,16.122375,16.12237548828125,4.882812483231191e-07,60
MLP,+Z,DL_to_TG,2,16.342588,16.342588424682617,4.2468261796102524e-07,60
GRU,-raw,DL_to_TG,0,18.202826,18.20282554626465,-4.5373535328963044e-07,60
GRU,-raw,DL_to_TG,1,18.210049,18.210046768188477,-2.2318115249220227e-06,60
GRU,-raw,DL_to_TG,2,18.772902,18.772897720336914,-4.279663084361118e-06,60
GRU,+Z,DL_to_TG,0,18.121721,18.121723175048828,2.1750488272687107e-06,60
GRU,+Z,DL_to_TG,1,17.37086,17.370859146118164,-8.538818363490464e-07,60
GRU,+Z,DL_to_TG,2,18.23248,18.232479095458984,-9.045410145347432e-07,60
