model,variant,direction,seed,mae,median,tau_le15,tau_ge21,epochs,sec
MLP,-raw,TG_to_DL,0,12.902498,9.658388,15.592451,12.261753,60,23.527148008346558
MLP,-raw,TG_to_DL,1,13.255711,9.72287,16.074131,12.566746,60,18.7469642162323
MLP,-raw,TG_to_DL,2,13.372654,10.170534,15.958999,12.773332,60,20.13890027999878
MLP,-raw,DL_to_TG,0,17.844065,12.180536,19.451887,17.46045,60,16.524083137512207
MLP,-raw,DL_to_TG,1,17.729315,12.329401,19.49199,17.30141,60,36.70622944831848
MLP,-raw,DL_to_TG,2,17.90242,12.38619,19.843052,17.487688,60,49.28800559043884
MLP,+Z,TG_to_DL,0,11.688652,8.062624,14.23453,11.061641,60,94.99804902076721
MLP,+Z,TG_to_DL,1,11.88564,8.327696,14.819935,11.176939,60,31.856879949569702
MLP,+Z,TG_to_DL,2,12.013315,8.279976,14.850795,11.33557,60,19.494688272476196
MLP,+Z,DL_to_TG,0,16.138811,10.8304825,18.06321,15.656902,60,8.814721584320068
MLP,+Z,DL_to_TG,1,16.122375,10.6530905,17.980608,15.678221,60,9.009250402450562
MLP,+Z,DL_to_TG,2,16.342588,10.891708,18.52015,15.846478,60,8.946896076202393
GRU,-raw,TG_to_DL,0,12.852228,9.519146,14.055407,12.578195,60,84.64981079101562
GRU,-raw,TG_to_DL,1,10.868324,8.460077,13.133186,10.235165,41,52.64320731163025
GRU,-raw,TG_to_DL,2,11.763949,8.928457,12.5778675,11.527133,57,71.99086809158325
GRU,-raw,DL_to_TG,0,18.202826,11.849964,20.61999,17.492727,60,33.7609977722168
GRU,-raw,DL_to_TG,1,18.210049,11.89007,20.676752,17.530039,60,33.86693072319031
GRU,-raw,DL_to_TG,2,18.772902,12.330782,20.307995,18.363901,60,33.85826802253723
GRU,+Z,TG_to_DL,0,11.355665,8.203133,12.400329,11.102,60,74.96934652328491
GRU,+Z,TG_to_DL,1,11.80676,8.775568,13.369267,11.399506,60,74.77917814254761
GRU,+Z,TG_to_DL,2,11.1119,7.88503,12.734158,10.716271,60,74.84558486938477
GRU,+Z,DL_to_TG,0,18.121721,11.216913,19.67496,17.70898,60,33.99930667877197
GRU,+Z,DL_to_TG,1,17.37086,10.406912,19.074934,16.918198,60,34.019086599349976
GRU,+Z,DL_to_TG,2,18.23248,11.004803,19.56803,17.846899,60,33.7923948764801
