t,direction,n,two-ended,reactance,Takagi,Eriksson,H-A2,GRU+Z,GRU-raw,MLP+Z,MLP-raw
5,TG_to_DL,924,2.1305899673632154,49.6503587023719,49.804264046108415,32.48019287339007,17.989149587856215,14.384132385253906,14.737634658813477,17.89316177368164,18.850385665893555
10,TG_to_DL,924,1.4006399322460397,42.68013215872981,38.88319121838911,29.66215998558535,13.331301058583414,12.406604766845703,12.992968559265137,13.926658630371094,15.498580932617188
15,TG_to_DL,924,1.1168106835623652,33.3858674516226,33.166065658141825,31.655523541535082,10.135341381628358,11.71301555633545,12.035855293273926,12.085439682006836,13.276612281799316
20,TG_to_DL,924,0.9087421560052135,17.007597516370048,12.856948292760116,8.707834246488396,7.422688903446384,11.366661071777344,12.06281852722168,11.494110107421875,12.698160171508789
25,TG_to_DL,924,0.7931512552668788,15.886426936691745,11.745864701161759,6.191846990180715,6.411947971537391,11.585000991821289,12.35669994354248,10.932584762573242,12.958335876464844
30,TG_to_DL,924,0.6922232162114554,15.296863372613975,11.167954328121773,5.5941806849919775,5.599030312713001,11.36874008178711,11.895013809204102,10.62408447265625,12.104079246520996
35,TG_to_DL,924,0.6346686952316849,15.24968947592276,11.097959313978722,5.728160935814639,5.670359737030949,11.381414413452148,11.514960289001465,10.614143371582031,11.897852897644043
40,TG_to_DL,924,0.5770059920765475,15.038121070893844,10.95309263261716,5.493739986727693,5.879404898666004,11.03581714630127,11.595745086669922,10.741552352905273,12.056414604187012
45,TG_to_DL,924,0.5389326521110371,15.055435703344212,11.015015661312423,5.285624515432673,5.944708375934025,11.598379135131836,12.02530288696289,10.876420021057129,12.718937873840332
50,TG_to_DL,924,0.47790161188437325,14.989805246990755,10.968567764437465,5.165902407954822,5.889607530324146,11.242942810058594,11.453572273254395,11.513819694519043,12.718029975891113
55,TG_to_DL,900,0.0746571401299212,14.049359683627499,9.893977788577459,5.423394627027785,6.187131535500215,10.846787452697754,10.868195533752441,11.411541938781738,12.494948387145996
60,TG_to_DL,900,0.07528721494788085,13.996844389144556,9.856600899217327,5.433898497379071,6.404954501309071,10.281478881835938,10.809334754943848,11.2156343460083,12.191089630126953
65,TG_to_DL,900,0.07193440003055157,14.003090108625688,9.895207527481931,5.281123540125784,6.349082651117965,11.144390106201172,11.66053295135498,12.155685424804688,13.555961608886719
70,TG_to_DL,900,0.07004657981571358,14.008815631528998,9.906193970426463,5.221628087573159,6.529973129579048,11.283429145812988,11.524421691894531,11.79452896118164,12.936310768127441
75,TG_to_DL,900,0.07187148116315902,14.003110389658731,9.87772582452926,5.304957509334378,6.433843583228623,10.787017822265625,10.798127174377441,11.349342346191406,12.558672904968262
80,TG_to_DL,900,0.07350777780118592,13.979261258653967,9.859515979941861,5.286971636806973,6.653203944562486,10.26832389831543,10.802458763122559,11.11648178100586,12.236688613891602
all,TG_to_DL,14640,0.6119992942725077,19.95044182584462,16.3724825965363,10.54566871910848,7.6892842313456855,11.424775123596191,11.828167915344238,11.86253547668457,13.17695426940918
5,DL_to_TG,2079,1.4040790115328887,46.60114037017062,49.03308171516156,32.53133466043161,18.946566428848257,20.66794204711914,22.11328125,20.2992000579834,21.14997100830078
10,DL_to_TG,2079,0.8605909459085157,39.341711615598896,35.942306338085615,28.950732251299087,15.447749875496735,19.100479125976562,19.985240936279297,17.73021697998047,19.443918228149414
15,DL_to_TG,2079,0.6934219858921311,29.12891767625399,30.286272831611054,31.220304157073027,11.664341172704722,18.549501419067383,19.50621795654297,16.534547805786133,18.19304084777832
20,DL_to_TG,2079,0.5651936272398126,11.311241092273837,8.723852890765382,7.309032028045722,9.192288978196604,18.254444122314453,19.079259872436523,15.855889320373535,17.355457305908203
25,DL_to_TG,2079,0.4958359726187666,10.105138283016576,7.40691285848398,4.15476139038103,8.879130880016385,18.231964111328125,19.113189697265625,16.138593673706055,17.932600021362305
30,DL_to_TG,2079,0.43434132204545867,9.381481662269595,7.103085342565412,3.457010530866448,8.650539619925405,18.013797760009766,18.47381019592285,16.06070899963379,17.708826065063477
35,DL_to_TG,2079,0.40202044149533267,9.316837163017286,7.219235086613635,3.4729562507549403,8.725784914688147,17.859514236450195,18.507368087768555,15.62904167175293,17.19041633605957
40,DL_to_TG,2079,0.3681688018967589,9.156178599671893,6.9661384385231555,3.4508433685060567,8.845586362453739,17.80120277404785,18.095304489135742,15.432916641235352,16.97602653503418
45,DL_to_TG,2079,0.3471340149499754,9.190366046518864,6.862156550806578,3.410996267754568,8.985853842459072,17.934247970581055,18.343320846557617,15.74838924407959,17.595300674438477
50,DL_to_TG,2079,0.32231715915138864,9.082718581058694,6.844985547927198,3.2543733476195507,9.148943497777216,18.00229835510254,18.189714431762695,16.26642608642578,17.934938430786133
55,DL_to_TG,2025,0.10556477106743288,7.966615519146461,5.792419173142339,3.295444399566259,9.684238507211195,17.092662811279297,17.109127044677734,15.645503997802734,17.3068904876709
60,DL_to_TG,2025,0.10601713736366647,7.932567375706203,5.711942103218539,3.2234981492162835,9.757168479283587,16.863622665405273,17.094257354736328,15.28979206085205,17.02232551574707
65,DL_to_TG,2025,0.10503405823358417,7.955424362361937,5.678542285247274,3.224375532909243,9.644351594120316,17.06696319580078,17.178543090820312,16.036487579345703,17.96908950805664
70,DL_to_TG,2025,0.10366068066380156,7.922545589799565,5.696102351229891,3.200926207443616,9.900983128531413,17.009967803955078,17.110919952392578,15.64254093170166,17.29062843322754
75,DL_to_TG,2025,0.1036786278608045,7.907618693502484,5.718417404007676,3.1684182776543253,10.318910114723277,17.099592208862305,17.132648468017578,15.571759223937988,17.09183120727539
80,DL_to_TG,2025,0.104599404272153,7.903359741633456,5.685925330451707,3.14536773672148,10.366515964489775,16.843276977539062,17.0931453704834,15.239900588989258,16.956937789916992
all,DL_to_TG,32940,0.41058242109007986,14.451246836130926,12.609122355564887,8.834182606740745,10.515487764929977,17.90835189819336,18.39525604248047,16.201257705688477,17.825265884399414
