set,method,n_all,mae_all,n_excl,mae_excl
DL,TD two-ended,14640,0.6119992942725077,11520,0.5862257888921965
DL,phasor two-ended,14640,0.6604218979820408,11520,0.7406336442244046
DL,reactance,14640,19.95044182584462,11520,19.583054941313403
DL,Takagi,14640,16.3724825965363,11520,15.866271080446985
DL,Eriksson,14640,10.54566871910848,11520,11.956686192057388
DL,R-L identification,14640,22.674204283643736,11520,21.754404174430142
DL,PFB,14640,7.6892842313456855,11520,8.285340400862527
DL,best MLP/GRU equal inform.,14640,11.424775271386396,11520,11.30419848797222
TG,TD two-ended,32940,0.41058242109007986,25920,0.3908040587163305
TG,phasor two-ended,32940,0.9388473350067856,25920,0.9852195686614905
TG,reactance,32940,14.451246836130926,25920,13.253885641761462
TG,Takagi,32940,12.609122355564887,25920,11.377846893542795
TG,Eriksson,32940,8.834182606740745,25920,10.028900349410975
TG,R-L identification,32940,19.381389922591357,25920,17.662049445028906
TG,PFB,32940,10.515487764929977,25920,11.380545887058794
TG,best MLP/GRU equal inform.,32940,16.20125864719698,25920,15.812735852130034
ADAPT,TD two-ended,6883,6.15270790304682,6883,6.15270790304682
ADAPT,phasor two-ended,6883,7.18285453707531,6883,7.18285453707531
ADAPT,reactance,6883,32.197480354441986,6883,32.197480354441986
ADAPT,Takagi,6883,26.790145024587616,6883,26.790145024587616
ADAPT,Eriksson,6883,16.134151288016547,6883,16.134151288016547
ADAPT,R-L identification,6883,36.60990534754166,6883,36.60990534754166
ADAPT,PFB,6883,11.977482183810624,6883,11.977482183810624
MV,TD two-ended,52584,4.003480421767541,40320,2.3919507821879717
MV,phasor two-ended,52584,4.5894853791457555,40320,2.7782444073347854
MV,reactance,56340,32.97528072991495,43200,31.979691492717006
MV,Takagi,56340,34.555759832150535,43200,33.52628890244371
MV,Eriksson,56340,23.746042601099962,43200,29.291459397880136
MV,R-L identification,56340,44.691830630482954,43200,44.26659039281699
MV,PFB,56340,32.60184057167462,43200,34.81969406240081
