set,method,stat,value
DL,two,n,14640.0
DL,two,mae,0.6119992942725077
DL,two,ci_lo,0.5425826652247998
DL,two,ci_hi,0.6885836356594769
DL,two,p95,3.235072303056801
DL,two,mae_m,158.6929095452745
DL,two,p95_m,829.5472143901555
DL,E,n,14640.0
DL,E,mae,10.54566871910848
DL,E,ci_lo,9.919229244838737
DL,E,ci_hi,11.169581885009872
DL,E,p95,49.0
DL,E,mae_m,3107.816550688707
DL,E,p95_m,14700.0
DL,ha2,n,14640.0
DL,ha2,mae,7.6892842313456855
DL,ha2,ci_lo,7.192477064319836
DL,ha2,ci_hi,8.188207835579068
DL,ha2,p95,27.143503525472877
DL,ha2,mae_m,2309.6201368605302
DL,ha2,p95_m,8496.653012174876
DL,eq,n,14640.0
DL,eq,mae,11.424775271386396
DL,eq,ci_lo,10.832329912516006
DL,eq,ci_hi,12.043231051120454
DL,eq,p95,30.052597423394513
DL,eq,mae_m,3124.0926276403015
DL,eq,p95_m,8108.465443054834
DL,ha2_vs_eq,reduction,32.69640716169123
DL,ha2_vs_eq,ci_lo,27.814228958111286
DL,ha2_vs_eq,ci_hi,37.19948997835967
DL,E_defined,mae_all,6.731881376254098
DL,E_defined,coverage_all,84.41256830601093
DL,E_defined,mae_le15,32.19629962272312
DL,E_defined,coverage_le15,48.37662337662338
DL,E_defined,mae_ge20,3.632327516899014
DL,E_defined,coverage_ge20,92.82945736434108
DL,switch,mae,5.753485645727512
DL,switch,ci_lo,5.317646509446457
DL,switch,ci_hi,6.208365689998933
TG,two,n,32940.0
TG,two,mae,0.41058242109007986
TG,two,ci_lo,0.3844927305339659
TG,two,ci_hi,0.44070112090251196
TG,two,p95,1.770683051433958
TG,two,mae_m,121.43561855958065
TG,two,p95_m,513.3657889985717
TG,E,n,32940.0
TG,E,mae,8.834182606740745
TG,E,ci_lo,8.579646513436224
TG,E,ci_hi,9.133534384678216
TG,E,p95,49.0
TG,E,mae_m,2771.6116612459205
TG,E,p95_m,15000.0
TG,ha2,n,32940.0
TG,ha2,mae,10.515487764929977
TG,ha2,ci_lo,10.073168145647337
TG,ha2,ci_hi,10.989540190221046
TG,ha2,p95,34.52546556063913
TG,ha2,mae_m,3319.7473344378504
TG,ha2,p95_m,11577.086277076778
TG,eq,n,32940.0
TG,eq,mae,16.20125864719698
TG,eq,ci_lo,15.486768361710274
TG,eq,ci_hi,16.937938672637223
TG,eq,p95,49.8191409309705
TG,eq,mae_m,5098.797195883982
TG,eq,p95_m,16664.13811147212
TG,ha2_vs_eq,reduction,35.09462447382575
TG,ha2_vs_eq,ci_lo,32.31740263792021
TG,ha2_vs_eq,ci_hi,37.812654839199986
TG,E_defined,mae_all,5.986495940920581
TG,E_defined,coverage_all,87.45598057073467
TG,E_defined,mae_le15,31.634696152011344
TG,E_defined,coverage_le15,49.366682700016035
TG,E_defined,mae_ge20,2.917165284853557
TG,E_defined,coverage_ge20,96.35246975995206
TG,switch,mae,5.492253193744928
TG,switch,ci_lo,5.270754863755005
TG,switch,ci_hi,5.743840157561737
MV,two,n,52584.0
MV,two,mae,4.003480421767541
MV,two,ci_lo,3.7472681495398374
MV,two,ci_hi,4.267571730268098
MV,two,p95,14.28262719473123
MV,two,mae_m,68.75157970426083
MV,two,p95_m,280.0000011920929
MV,two_zid,n,52584.0
MV,two_zid,mae,1.8044514558986127
MV,two_zid,ci_lo,1.661216241181463
MV,two_zid,ci_hi,1.9581862297220944
MV,two_zid,p95,7.83409583786378
MV,two_zid,mae_m,32.66270452005777
MV,two_zid,p95_m,99.98518526664114
MV,E,n,56340.0
MV,E,mae,23.746042601099962
MV,E,ci_lo,23.163777928044833
MV,E,ci_hi,24.313051539521492
MV,E,p95,49.0
MV,E,mae_m,395.8216910270275
MV,E,p95_m,1466.999959945679
MV,ha2,n,56340.0
MV,ha2,mae,32.60184057167462
MV,ha2,ci_lo,31.787083269406434
MV,ha2,ci_hi,33.434135124364154
MV,ha2,p95,84.12836499185497
MV,ha2,mae_m,501.08821224478993
MV,ha2,p95_m,2064.4205888910733
MV,E_defined,mae_all,15.867895800674273
MV,E_defined,coverage_all,44.14980475683351
MV,E_defined,mae_le15,36.09889126487094
MV,E_defined,coverage_le15,8.279418659165495
MV,E_defined,mae_ge20,15.123284529994196
MV,E_defined,coverage_ge20,52.525451559934325
MV,switch,mae,27.220145033606457
MV,switch,ci_lo,26.53309998180948
MV,switch,ci_hi,27.912555565381528
ADAPT,two,n,6883.0
ADAPT,two,mae,6.15270790304682
ADAPT,two,ci_lo,5.0157804539875706
ADAPT,two,ci_hi,7.411600711837132
ADAPT,two,p95,36.36870997921736
ADAPT,two,mae_m,1654.8824930220153
ADAPT,two,p95_m,9655.021576755136
ADAPT,E,n,6883.0
ADAPT,E,mae,16.134151288016547
ADAPT,E,ci_lo,14.970313228345997
ADAPT,E,ci_hi,17.434739102311653
ADAPT,E,p95,47.93790125624176
ADAPT,E,mae_m,4464.998521711812
ADAPT,E,p95_m,14580.104234288729
ADAPT,ha2,n,6883.0
ADAPT,ha2,mae,11.977482183810624
ADAPT,ha2,ci_lo,11.062153383352008
ADAPT,ha2,ci_hi,12.94786323453882
ADAPT,ha2,p95,36.62424795845162
ADAPT,ha2,mae_m,3228.307470713408
ADAPT,ha2,p95_m,9767.862013331383
ADAPT,E_defined,mae_all,11.28421674667611
ADAPT,E_defined,coverage_all,64.07089931715821
ADAPT,E_defined,mae_le15,33.3665785000254
ADAPT,E_defined,coverage_le15,35.523114355231144
ADAPT,E_defined,mae_ge20,7.911854438413419
ADAPT,E_defined,coverage_ge20,71.3061690784463
ADAPT,switch,mae,12.50824173985085
ADAPT,switch,ci_lo,11.420026097809782
ADAPT,switch,ci_hi,13.727981158457892
