grid,tbin,n,td,ph2
DL,<=15,2772,1.549346861057207,2.7710042051389605
DL,20-30,2772,0.7980388758278492,0.46768180846328034
DL,35-50,3696,0.5571272378259107,0.11481043067498305
DL,>=55,5400,0.07288409898140201,0.0493702972179496
TG,<=15,6237,0.9860306477778451,3.8902353348970125
TG,20-30,6237,0.4984569739680126,0.6931236897304383
TG,35-50,8316,0.35991010437336385,0.1633532814576516
TG,>=55,12150,0.10475911324357377,0.08072222962306808
ADAPT,<=15,1442,6.508418177671785,8.993658611198544
ADAPT,20-30,1233,5.270729747406571,4.911707749661496
ADAPT,35-50,1644,5.012101292261613,5.231687185586706
ADAPT,>=55,2564,7.10812994595872,8.50768434980651
MV,<=15,9954,5.904249337019097,7.814768025583761
MV,20-30,9954,4.580336920550572,4.549338427501599
MV,35-50,13272,4.033761630579198,4.347237539322358
MV,>=55,19404,2.711778938843988,3.1212454607865627
