model,direction,scenario,seed,mae,n
MLP,TG_to_DL,clean,0,0.36033397912979126,14640
MLP,TG_to_DL,CT-severe,0,0.5559388399124146,14640
MLP,TG_to_DL,CVT-5,0,1.3427484035491943,14640
MLP,TG_to_DL,CVT-15,0,3.0565454959869385,14640
MLP,TG_to_DL,FULL,0,3.358612298965454,14640
MLP,TG_to_DL,clean,1,0.397314190864563,14640
MLP,TG_to_DL,CT-severe,1,0.6061404347419739,14640
MLP,TG_to_DL,CVT-5,1,1.4441702365875244,14640
MLP,TG_to_DL,CVT-15,1,3.1945724487304688,14640
MLP,TG_to_DL,FULL,1,3.5063724517822266,14640
MLP,TG_to_DL,clean,2,0.4113202393054962,14640
MLP,TG_to_DL,CT-severe,2,0.6017812490463257,14640
MLP,TG_to_DL,CVT-5,2,1.2873494625091553,14640
MLP,TG_to_DL,CVT-15,2,2.9265739917755127,14640
MLP,TG_to_DL,FULL,2,3.2336008548736572,14640
GRU,TG_to_DL,clean,0,0.2652445137500763,14640
GRU,TG_to_DL,CT-severe,0,0.4049481451511383,14640
GRU,TG_to_DL,CVT-5,0,1.1077096462249756,14640
GRU,TG_to_DL,CVT-15,0,2.866549491882324,14640
GRU,TG_to_DL,FULL,0,2.9619083404541016,14640
GRU,TG_to_DL,clean,1,0.2543826997280121,14640
GRU,TG_to_DL,CT-severe,1,0.4093194007873535,14640
GRU,TG_to_DL,CVT-5,1,1.0462862253189087,14640
GRU,TG_to_DL,CVT-15,1,2.7200963497161865,14640
GRU,TG_to_DL,FULL,1,2.8398337364196777,14640
GRU,TG_to_DL,clean,2,0.23686864972114563,14640
GRU,TG_to_DL,CT-severe,2,0.42663371562957764,14640
GRU,TG_to_DL,CVT-5,2,1.0498770475387573,14640
GRU,TG_to_DL,CVT-15,2,2.760256052017212,14640
GRU,TG_to_DL,FULL,2,2.881427764892578,14640
MLP,DL_to_TG,clean,0,0.7641080617904663,32940
MLP,DL_to_TG,CT-severe,0,0.9050662517547607,32940
MLP,DL_to_TG,CVT-5,0,2.5395381450653076,32940
MLP,DL_to_TG,CVT-15,0,5.438697814941406,32940
MLP,DL_to_TG,FULL,0,5.652039051055908,32940
MLP,DL_to_TG,clean,1,0.7828052043914795,32940
MLP,DL_to_TG,CT-severe,1,0.9339514970779419,32940
MLP,DL_to_TG,CVT-5,1,2.5342490673065186,32940
MLP,DL_to_TG,CVT-15,1,5.451820373535156,32940
MLP,DL_to_TG,FULL,1,5.668914794921875,32940
MLP,DL_to_TG,clean,2,0.8582189679145813,32940
MLP,DL_to_TG,CT-severe,2,0.9843574166297913,32940
MLP,DL_to_TG,CVT-5,2,2.6440587043762207,32940
MLP,DL_to_TG,CVT-15,2,5.5319013595581055,32940
MLP,DL_to_TG,FULL,2,5.757939338684082,32940
GRU,DL_to_TG,clean,0,0.3900240957736969,32940
GRU,DL_to_TG,CT-severe,0,0.57679283618927,32940
GRU,DL_to_TG,CVT-5,0,1.3553588390350342,32940
GRU,DL_to_TG,CVT-15,0,3.7080650329589844,32940
GRU,DL_to_TG,FULL,0,3.7885661125183105,32940
GRU,DL_to_TG,clean,1,0.3815537691116333,32940
GRU,DL_to_TG,CT-severe,1,0.5874530673027039,32940
GRU,DL_to_TG,CVT-5,1,1.4431101083755493,32940
GRU,DL_to_TG,CVT-15,1,3.857245922088623,32940
GRU,DL_to_TG,FULL,1,3.937736988067627,32940
GRU,DL_to_TG,clean,2,0.710774838924408,32940
GRU,DL_to_TG,CT-severe,2,0.9352751970291138,32940
GRU,DL_to_TG,CVT-5,2,1.5374908447265625,32940
GRU,DL_to_TG,CVT-15,2,3.7373721599578857,32940
GRU,DL_to_TG,FULL,2,3.845439910888672,32940
