input,model,direction,seed,mae,n_test,train_s
P,MLP,TG_to_DL,0,0.36033394932746887,14640,23.575451135635376
P,MLP,TG_to_DL,1,0.3973141610622406,14640,18.188493728637695
P,MLP,TG_to_DL,2,0.4113202393054962,14640,18.104270458221436
P,GRU,TG_to_DL,0,0.2652444839477539,14640,84.46459150314331
P,GRU,TG_to_DL,1,0.2543826997280121,14640,75.32283353805542
P,GRU,TG_to_DL,2,0.23686863481998444,14640,76.62718367576599
P,MLP,DL_to_TG,0,0.7641081213951111,32940,10.324246406555176
P,MLP,DL_to_TG,1,0.7828052639961243,32940,9.191285133361816
P,MLP,DL_to_TG,2,0.8582189679145813,32940,9.09751558303833
P,GRU,DL_to_TG,0,0.3900241255760193,32940,41.17493295669556
P,GRU,DL_to_TG,1,0.3815537691116333,32940,33.67612051963806
P,GRU,DL_to_TG,2,0.7107747793197632,32940,15.719510793685913
P,MLP,DL+TG_to_MV,0,3.6221156120300293,52584,28.442442655563354
P,MLP,DL+TG_to_MV,1,3.592825174331665,52584,28.48059844970703
P,MLP,DL+TG_to_MV,2,3.697453737258911,52584,27.73950171470642
P,GRU,DL+TG_to_MV,0,4.022150039672852,52584,78.59106135368347
P,GRU,DL+TG_to_MV,1,4.071069240570068,52584,111.40262269973755
P,GRU,DL+TG_to_MV,2,3.800138235092163,52584,109.30766940116882
Z,MLP,TG_to_DL,0,2.795029878616333,14640,22.176939487457275
Z,MLP,TG_to_DL,1,2.777604818344116,14640,23.107767820358276
Z,MLP,TG_to_DL,2,2.881441116333008,14640,21.88978409767151
Z,GRU,TG_to_DL,0,3.4245266914367676,14640,87.53473281860352
Z,GRU,TG_to_DL,1,3.9192121028900146,14640,79.19779920578003
Z,GRU,TG_to_DL,2,3.668301820755005,14640,79.51075339317322
Z,MLP,DL_to_TG,0,8.284106254577637,32940,10.56908369064331
Z,MLP,DL_to_TG,1,8.273560523986816,32940,9.958519697189331
Z,MLP,DL_to_TG,2,8.132089614868164,32940,11.066711902618408
Z,GRU,DL_to_TG,0,10.815987586975098,32940,41.2828004360199
Z,GRU,DL_to_TG,1,6.544178485870361,32940,35.7764458656311
Z,GRU,DL_to_TG,2,8.424895286560059,32940,35.89453935623169
Z,MLP,DL+TG_to_MV,0,34.92107391357422,52584,32.320541858673096
Z,MLP,DL+TG_to_MV,1,33.785152435302734,52584,31.450929641723633
Z,MLP,DL+TG_to_MV,2,34.90593719482422,52584,31.4636013507843
Z,GRU,DL+TG_to_MV,0,40.425537109375,52584,122.17553448677063
Z,GRU,DL+TG_to_MV,1,38.82497024536133,52584,114.18753433227539
Z,GRU,DL+TG_to_MV,2,39.764366149902344,52584,114.404709815979
