check,grid,scenario,mine,reference,diff_pp
LS_vs_TD,DL,CT-severe,0.662436382145293,0.6624363822330974,-8.780443039313468e-11
LS_vs_TD,DL,CVT-5,2.473730767438103,2.4737307660049064,1.4331966724512313e-09
LS_vs_TD,DL,CVT-15,4.900479984563326,4.900479981939068,2.6242581441238144e-09
LS_vs_TD,DL,FULL,4.85800625284421,4.858006261076837,-8.232627024540307e-09
LS_vs_TD,TG,CT-severe,0.4827611158741347,0.4827611167319712,-8.578364685263296e-10
LS_vs_TD,TG,CVT-5,3.2087223899227224,3.2087223914395806,-1.5168581946056747e-09
LS_vs_TD,TG,CVT-15,6.703966550223335,6.70396655367208,-3.4487452893472437e-09
LS_vs_TD,TG,FULL,6.729336362699229,6.729336365246892,-2.547663413565715e-09
clean_net_vs_s26,DL_to_TG,GRU_s0,0.3900240957736969,0.3900241255760193,-2.9802322387695312e-08
clean_net_vs_s26,DL_to_TG,GRU_s1,0.3815537691116333,0.3815537691116333,0.0
clean_net_vs_s26,DL_to_TG,GRU_s2,0.710774838924408,0.7107747793197632,5.960464477539063e-08
clean_net_vs_s26,TG_to_DL,GRU_s0,0.2652445137500763,0.2652444839477539,2.9802322387695312e-08
clean_net_vs_s26,TG_to_DL,GRU_s1,0.2543826997280121,0.2543826997280121,0.0
clean_net_vs_s26,TG_to_DL,GRU_s2,0.2368686497211456,0.2368686348199844,1.4901161193847656e-08
clean_net_vs_s26,DL_to_TG,MLP_s0,0.7641080617904663,0.7641081213951111,-5.960464477539063e-08
clean_net_vs_s26,DL_to_TG,MLP_s1,0.7828052043914795,0.7828052639961243,-5.960464477539063e-08
clean_net_vs_s26,DL_to_TG,MLP_s2,0.8582189679145813,0.8582189679145813,0.0
clean_net_vs_s26,TG_to_DL,MLP_s0,0.3603339791297912,0.3603339493274688,2.9802322387695312e-08
clean_net_vs_s26,TG_to_DL,MLP_s1,0.397314190864563,0.3973141610622406,2.9802322387695312e-08
clean_net_vs_s26,TG_to_DL,MLP_s2,0.4113202393054962,0.4113202393054962,0.0
