sources,model,variant,seed,mae,median,post_le15,post_ge21,epochs,sec
DL+TG,MLP,-raw,0,41.545938750582046,40.431421995162964,42.603961159464234,41.35516562493269,60,32.73766326904297
DL+TG,MLP,-raw,1,41.367187320238145,40.322840213775635,42.22727682954875,41.17838920662772,60,27.384403228759766
DL+TG,MLP,-raw,2,41.85515588157072,41.23179018497467,43.26731051951577,41.556448381002866,60,34.196372985839844
DL+TG,MLP,+Z,0,48.1844006942886,50.0,48.95735111690384,47.971589567496,60,42.704681634902954
DL+TG,MLP,+Z,1,48.373767309906974,50.0,49.13256704137742,48.15769211011395,60,41.4775710105896
DL+TG,MLP,+Z,2,48.21928076385225,50.0,48.98461890805231,47.99995762740615,60,42.720194816589355
DL+TG,GRU,-raw,0,42.73497788511484,36.59773766994476,42.91622951641029,42.685819828354624,60,127.87881278991699
DL+TG,GRU,-raw,1,45.59964759823994,50.0,45.61810553129771,45.58889624512377,60,117.16349577903748
DL+TG,GRU,-raw,2,44.25930859437956,47.94115662574768,46.528064778501644,43.63758350208982,60,116.9302110671997
DL+TG,GRU,+Z,0,43.04541126553116,42.06488072872162,42.681490076946304,43.11472178412299,60,113.2957022190094
DL+TG,GRU,+Z,1,46.56715724002841,50.0,47.60699348117732,46.27331380466422,60,114.34924244880676
DL+TG,GRU,+Z,2,46.711017537933735,50.0,48.372000447920215,46.257117057026335,60,113.05787563323975
