sources,method,n,episodes,mae,median,post_le15,post_ge21,mae_shc_only,single_seed_mean,single_seed_sd
DL+TG,phys_react_oracle,56340,3555.0,32.97528072991495,19.999999999999996,48.355314882760275,29.078031616934013,32.698905417088895,,
DL+TG,phys_tak2_oracle,56340,3555.0,34.55619435940362,20.0,49.10074110871778,30.850916269297755,34.30548322887446,,
DL+TG,phys_react_minloop,56340,3555.0,38.60602910322418,20.80307068475279,48.26645657235317,36.298782909979266,38.421062043211585,,
DL+TG,td2_est,52584,3318.0,4.003480421767541,1.2547717570103811,5.904249337019098,3.4557260327920836,3.3012363180964073,,
DL+TG,H-A,56340,3555.0,31.748885542049948,25.165283085074908,38.96089782842367,29.985113529959822,32.07783230407174,31.8253805506629,0.1085654498639031
DL+TG,H-A2,56340,3555.0,32.60184057167463,24.786585796378375,36.73977542954655,31.651096492489412,32.87309070186969,32.65752695680063,0.33840024795768747
DL+TG,A3_unnormalised,56340,,29.528584232023043,27.396835419637394,33.32815419932443,28.61626975580131,,,
DL+TG,A1_raw_window,56340,,38.84834906850508,33.25459216111648,38.86945645734632,38.862147690415014,,,
DL+TG,A1_raw_window+Z,56340,,40.61021634242641,36.31792694548004,40.80019139906271,40.571969825209024,,,
